DATE,FRANCIS_M,FRANCIS_F,KELLY_M,KELLY_F,LESLIE_M,LESLIE_F,TAYLOR_M,TAYLOR_F,RILEY_M,RILEY_F,CHRIS_M,CHRISTINE_F,CHRISTOPHER_M,CHRISTIAN_M,CHRISTA_F,CHRISTY_F,CHRISTIE_F,CHRISTINA_F,KRISTY_F,KRISTINE_F,KRISTOPHER_M,CHRISTIANA_F,KRISTINA_F,KRIS_M
1915,0.5548996458087367,0.1652892561983471,0.0,0.0,0.3778040141676505,0.0,0.0,0.0,0.0,0.0,0.0,0.0,0.0,0.0,0.0,0.0,0.0,0.11806375442739078,0.0,0.0,0.0,0.0,0.0,0.0
1916,0.542814493146967,0.20355543493011263,0.0,0.0,0.4885330438322703,0.0,0.0,0.0,0.0,0.0,0.0,0.0,0.0,0.0,0.0,0.0,0.0,0.14927398561541594,0.0,0.0,0.0,0.0,0.0,0.0
1917,0.5517641934078699,0.1452011035283868,0.0,0.0,0.4646435312908378,0.0,0.0,0.0,0.0,0.0,0.0,0.0,0.0,0.0,0.0,0.0,0.0,0.1742413242340642,0.0,0.0,0.0,0.0,0.0,0.0
1918,0.629759812536614,0.2050380785002929,0.0,0.0,0.4100761570005858,0.0,0.0,0.0,0.0,0.0,0.0,0.07322788517867604,0.0,0.0,0.0,0.0,0.0,0.14645577035735208,0.0,0.0,0.0,0.0,0.0,0.0
1919,0.46025104602510464,0.0697350069735007,0.0,0.0,0.4044630404463041,0.0,0.0,0.0,0.0,0.0,0.0,0.0697350069735007,0.0,0.0,0.0,0.0,0.0,0.11157601115760112,0.0,0.0,0.0,0.0,0.0,0.0
1920,0.4532811373235809,0.08241475224065108,0.0,0.0,0.267847944782116,0.051509220150406924,0.0,0.0,0.0,0.0,0.0,0.051509220150406924,0.0,0.0,0.0,0.0,0.0,0.15452766045122077,0.0,0.0,0.0,0.0,0.0,0.0
1921,0.49520272361497986,0.11348395749509955,0.0,0.0,0.33013514907665326,0.0,0.0,0.0,0.0,0.0,0.0,0.0,0.0,0.0,0.0,0.0,0.0,0.10316723408645415,0.0,0.0,0.0,0.0,0.0,0.0
1922,0.3966455122393473,0.09066183136899365,0.0,0.0,0.3966455122393473,0.0,0.0,0.0,0.0,0.0,0.0,0.05666364460562103,0.0,0.0,0.0,0.0,0.0,0.1359927470534905,0.0,0.0,0.0,0.0,0.0,0.0
1923,0.5277973258268824,0.11728829462819611,0.0,0.0,0.24630541871921183,0.0,0.0,0.0,0.0,0.0,0.0,0.0,0.0,0.0,0.0,0.0,0.0,0.1055594651653765,0.0,0.0,0.0,0.0,0.0,0.0
1924,0.6870409855484482,0.14214641080312723,0.0,0.0,0.2606017531390666,0.0,0.0,0.0,0.0,0.0,0.0,0.07107320540156362,0.0,0.0,0.0,0.0,0.0,0.15399194503672115,0.0,0.0,0.0,0.0,0.0,0.0
1925,0.33437103655021333,0.08071025020177562,0.0,0.0,0.2997809293208809,0.0,0.0,0.0,0.0,0.0,0.0,0.12683039317421882,0.06918021445866482,0.0,0.0,0.0,0.0,0.14989046466044045,0.0,0.0,0.0,0.0,0.0,0.0
1926,0.3237798297157932,0.14390214654035255,0.0,0.0,0.3597553663508814,0.0,0.0,0.0,0.0,0.0,0.0,0.0,0.0,0.0,0.0,0.0,0.0,0.09593476436023504,0.0,0.0,0.0,0.0,0.0,0.0
1927,0.44615941155191124,0.09646689979500783,0.0,0.0,0.22910888701314364,0.0,0.0,0.0,0.0,0.0,0.0,0.0602918123718799,0.0,0.0,0.0,0.0,0.0,0.09646689979500783,0.0,0.0,0.0,0.0,0.0,0.0
1928,0.32399907428835917,0.11571395510298543,0.0,0.0,0.31242767877806066,0.0,0.0,0.0,0.0,0.0,0.0,0.10414255959268687,0.0,0.0,0.0,0.0,0.0,0.06942837306179125,0.0,0.0,0.0,0.0,0.0,0.0
1929,0.21821522912599056,0.0,0.0,0.0,0.25267026530377856,0.0,0.0,0.0,0.0,0.0,0.0,0.0,0.06891007235557597,0.0,0.0,0.0,0.0,0.06891007235557597,0.0,0.0,0.0,0.0,0.0,0.0
1930,0.2875788076540206,0.05530361685654242,0.0,0.0,0.2101537440548612,0.0,0.0,0.0,0.0,0.0,0.0,0.1327286804557018,0.0,0.0,0.0,0.0,0.0,0.0663643402278509,0.0,0.0,0.0,0.0,0.0,0.0
1931,0.3231597845601436,0.11968880909634949,0.0,0.0,0.3351286654697786,0.0,0.0,0.0,0.0,0.0,0.0,0.0718132854578097,0.0,0.0,0.0,0.0,0.0,0.0718132854578097,0.0,0.0,0.0,0.0,0.0,0.0
1932,0.30795762503079577,0.14781966001478197,0.0,0.0,0.30795762503079577,0.0,0.0,0.0,0.0,0.0,0.0,0.07390983000739099,0.06159152500615915,0.0,0.0,0.0,0.0,0.07390983000739099,0.0,0.0,0.0,0.0,0.0,0.0
1933,0.3424657534246575,0.07903055848261328,0.0,0.0,0.2239199157007376,0.0,0.0,0.0,0.0,0.0,0.0,0.0,0.0,0.0,0.0,0.0,0.0,0.09220231822971549,0.0,0.0,0.0,0.0,0.0,0.0
1934,0.33218346748434907,0.0,0.0,0.0,0.21719688258592054,0.0,0.0,0.0,0.0,0.0,0.0,0.06388143605468251,0.06388143605468251,0.0,0.0,0.0,0.0,0.11498658489842851,0.0,0.0,0.0,0.0,0.0,0.0
1935,0.2711028958718423,0.0,0.0,0.0,0.1725200246457178,0.0,0.0,0.0,0.0,0.0,0.0,0.16019716574245227,0.07393715341959334,0.0,0.0,0.0,0.0,0.06161429451632779,0.0,0.0,0.0,0.0,0.0,0.0
1936,0.2680965147453083,0.0,0.0,0.0,0.31472199557057934,0.0,0.0,0.0,0.0,0.0,0.0,0.06993822123790652,0.08159459144422428,0.0,0.0,0.0,0.0,0.15153281268213079,0.0,0.0,0.0,0.0,0.0,0.0
1937,0.29657293497363796,0.07688927943760984,0.0,0.0,0.13181019332161686,0.0,0.0,0.0,0.0,0.0,0.0,0.15377855887521968,0.13181019332161686,0.0,0.0,0.0,0.0,0.054920913884007036,0.0,0.0,0.0,0.0,0.0,0.0
1938,0.2588610115491836,0.0,0.0,0.0,0.1991238550378335,0.0,0.0,0.0,0.0,0.0,0.0,0.049780963759458376,0.0,0.0,0.0,0.0,0.0,0.0,0.0,0.0,0.0,0.0,0.0,0.0
1939,0.19809825673534073,0.0,0.0,0.0,0.2179080824088748,0.0,0.0,0.0,0.0,0.0,0.0,0.07923930269413629,0.04952456418383518,0.0,0.0,0.0,0.0,0.07923930269413629,0.0,0.0,0.0,0.0,0.0,0.0
1940,0.2944640753828033,0.0,0.0,0.0,0.1850917045263335,0.0,0.0,0.0,0.0,0.0,0.0,0.09254585226316675,0.12619888944977284,0.0,0.0,0.0,0.0,0.04206629648325761,0.0,0.0,0.0,0.0,0.0,0.0
1941,0.25498377375985165,0.04636068613815484,0.0,0.0,0.19316952557564518,0.07726781023025807,0.0,0.0,0.0,0.0,0.0,0.08499459125328389,0.061814248184206465,0.0,0.0,0.0,0.0,0.07726781023025807,0.0,0.0,0.0,0.0,0.0,0.0
1942,0.224703799536974,0.047664442326024785,0.0,0.0,0.1974669753506741,0.07490126651232466,0.0,0.0,0.0,0.0,0.0,0.047664442326024785,0.12937491488492442,0.0,0.0,0.0,0.0,0.09532888465204957,0.0,0.0,0.0,0.0,0.0,0.0
1943,0.23136872868972236,0.042620555284948854,0.0,0.0,0.25572333170969314,0.07915245981490501,0.0,0.0,0.0,0.0,0.0,0.07306380905991232,0.10350706283487579,0.0,0.0,0.0,0.0,0.0974184120798831,0.0,0.0,0.0,0.0,0.0,0.0
1944,0.2179440610243371,0.0,0.0,0.0,0.16345804576825282,0.15135004237801186,0.0,0.0,0.0,0.0,0.0,0.11502603220728902,0.17556604915849378,0.0,0.0,0.0,0.0,0.04237801186584332,0.0,0.0,0.0,0.0,0.0,0.0
1945,0.11507479861910241,0.0,0.0,0.0,0.2119798921930834,0.14535764036097146,0.0,0.0,0.0,0.0,0.0,0.1090182302707286,0.13930107201259767,0.0,0.0,0.0,0.0,0.06056568348373812,0.0,0.0,0.0,0.0,0.0,0.0
1946,0.10195238823469441,0.03058571647040832,0.0,0.0,0.1835142988224499,0.16312382117551102,0.0,0.0,0.0,0.0,0.0,0.127440485293368,0.1478309629403069,0.0,0.0,0.0,0.0,0.05607381352908192,0.0,0.0,0.0,0.0,0.0,0.0
1947,0.14894250819183796,0.021277501170262565,0.02978850163836759,0.0,0.22554151240478318,0.21703051193667816,0.0,0.0,0.0,0.0,0.0,0.17022000936210052,0.24256351334099321,0.0,0.0,0.0,0.0,0.06383250351078769,0.0,0.0,0.0,0.0,0.0,0.0
1948,0.15979960266044743,0.0,0.025913449080072558,0.021594540900060466,0.16843741902047163,0.22890213354064093,0.0,0.0,0.0,0.0,0.0,0.1813941435605079,0.22026431718061676,0.0,0.0,0.0,0.0,0.047507989980133024,0.0,0.0,0.0,0.0,0.0,0.0
1949,0.1480932987782303,0.0,0.0,0.0,0.25504957011806323,0.24270846188654405,0.0,0.0,0.0,0.0,0.02056851371919865,0.29207289481262083,0.27561808383726194,0.0,0.0,0.0,0.0,0.09050146036447407,0.0,0.0,0.0,0.0,0.0,0.0
1950,0.14089760059674278,0.0,0.0,0.0,0.3066594836517343,0.2403547304297377,0.0,0.0,0.0,0.0,0.02072023538187394,0.28179520119348556,0.3066594836517343,0.0,0.0,0.0,0.0,0.07044880029837139,0.0,0.0,0.0,0.0,0.0,0.0
1951,0.104,0.0,0.068,0.027999999999999997,0.23600000000000002,0.192,0.0,0.0,0.0,0.0,0.0,0.376,0.38,0.0,0.0,0.0,0.0,0.076,0.0,0.024,0.0,0.0,0.0,0.0
1952,0.10221465076660989,0.0,0.034071550255536626,0.022714366837024418,0.26500094643195155,0.26121521862578084,0.0,0.0,0.0,0.0,0.0,0.34828695816770777,0.36721559719856145,0.0,0.0,0.0,0.0,0.10221465076660989,0.0,0.022714366837024418,0.0,0.0,0.0,0.0
1953,0.10254596888260256,0.01768033946251768,0.08132956152758133,0.038896746817538894,0.20509193776520512,0.32885431400282883,0.0,0.0,0.0,0.0,0.021216407355021217,0.30410183875530405,0.4455445544554455,0.01768033946251768,0.0,0.0,0.0,0.0884016973125884,0.0,0.042432814710042434,0.0,0.0,0.0,0.0
1954,0.11639849366655255,0.020540910647038686,0.08216364258815474,0.06846970215679561,0.21567956179390618,0.24649092776446424,0.0,0.0,0.0,0.0,0.017117425539198903,0.36973639164669636,0.39370078740157477,0.03081136597055803,0.0,0.0,0.0,0.08558712769599452,0.0,0.027387880862718247,0.0,0.0,0.0,0.0
1955,0.10881751632262746,0.01648750247312537,0.089032513354877,0.06924751038712655,0.18795752819362924,0.32315504847325727,0.0,0.0,0.0,0.0,0.01648750247312537,0.356130053419508,0.4055925608388841,0.019785002967750445,0.0,0.0,0.0,0.09562751434412715,0.0,0.0,0.0,0.0,0.0,0.0
1956,0.07128688321348872,0.0,0.14877262583684603,0.09918175055789735,0.2386560872799405,0.30684354078849496,0.0,0.0,0.0,0.0,0.021696007934540046,0.3223406893131664,0.5021076121993553,0.03719315645921151,0.0,0.0,0.0,0.05888916439375155,0.0,0.015497148524671461,0.0,0.0,0.0,0.0
1957,0.07264485383855408,0.0,0.15400709013773464,0.18015923751961413,0.1743476492125298,0.31673156273609576,0.0,0.0,0.0,0.0,0.03486952984250596,0.32835473935026444,0.44168071133840875,0.014528970767710815,0.0,0.0,0.0,0.07555064799209624,0.0,0.031963735688963796,0.0,0.0,0.023246353228337305,0.0
1958,0.05389000765805372,0.0,0.18719686870692345,0.4084295317241966,0.20705108205462744,0.3034858326006183,0.0,0.0,0.0,0.0,0.025526845732762288,0.3800663697989052,0.40559321553166744,0.036872110502878856,0.0,0.0,0.014181580962645716,0.09927106673852,0.0,0.022690529540233147,0.0,0.0,0.014181580962645716,0.0
1959,0.050657135620409195,0.0,0.2138856837306166,0.4559142205836828,0.16885711873469733,0.2786142459122506,0.0,0.0,0.0,0.0,0.04221427968367433,0.3405285227816396,0.5234570680775618,0.03658570905918442,0.014071426561224778,0.0,0.0,0.08724284467959362,0.014071426561224778,0.03658570905918442,0.0,0.0,0.0,0.0
1960,0.05026107837935945,0.0,0.22617485270711754,0.4691033982073549,0.1703292100633848,0.31273559880490326,0.0,0.0,0.0,0.0,0.05026107837935945,0.48585709100047464,0.5947560941557535,0.03629966771842627,0.0,0.0,0.016753692793119817,0.1312372602127719,0.0,0.022338257057493087,0.0,0.0,0.0,0.0
1961,0.07283109013575716,0.0,0.23888597564528347,0.43407329720911264,0.15440191108780515,0.2680184116995863,0.0,0.0,0.0,0.0,0.046611897686884576,0.4224203227873915,0.5709957466643361,0.05535162850317544,0.0,0.0,0.0,0.09322379537376915,0.0,0.04369865408145429,0.0,0.0,0.0,0.0
1962,0.05291627469426152,0.0,0.2146048918156162,0.5232831608654751,0.10583254938852305,0.27634054562558796,0.0,0.0,0.0,0.0,0.02645813734713076,0.4321495766698024,0.587958607714017,0.038217309501411105,0.0,0.0,0.0,0.11759172154280338,0.0,0.023518344308560677,0.0,0.0,0.014698965192850423,0.0
1963,0.033066794925750015,0.0,0.1984007695545001,0.45391691216256835,0.1412853965009319,0.1984007695545001,0.0,0.0,0.0,0.0,0.033066794925750015,0.526062646546023,0.637287320387182,0.060121445319545476,0.0,0.0,0.0,0.13527325196897733,0.0,0.05711537305356821,0.0,0.0,0.03607286719172729,0.0
1964,0.0473634354278497,0.0,0.2115566782443953,0.34101673508051783,0.1894537417113988,0.2305020524155352,0.0,0.0,0.0,0.0,0.03473318598042311,0.49573729081149354,0.6915061572466057,0.025260498894853177,0.0,0.0,0.015787811809283233,0.16419324281654563,0.0,0.05683612251341964,0.0,0.0,0.01894537417113988,0.015787811809283233
1965,0.04425531914893617,0.0,0.21106382978723404,0.38127659574468087,0.13957446808510637,0.21446808510638296,0.0,0.0,0.0,0.0,0.030638297872340424,0.5412765957446808,0.7319148936170212,0.03404255319148936,0.0,0.0,0.0,0.19744680851063828,0.0,0.054468085106382985,0.0,0.0,0.037446808510638294,0.020425531914893616
1966,0.07095721280068118,0.0,0.28028099056269073,0.39026467040374657,0.17739303200170298,0.17739303200170298,0.0,0.0,0.0,0.0,0.031930745760306536,0.5037962108848364,0.8621301355282764,0.02128716384020436,0.028382885120272476,0.0,0.0,0.2022280564819414,0.0,0.07095721280068118,0.0,0.0,0.03902646704037466,0.0
1967,0.0315059861373661,0.0,0.2660505496044248,0.4620877966813695,0.14352727018133443,0.14002660505496045,0.0,0.0,0.0,0.0,0.02800532101099209,0.5636070853462157,0.8506616257088847,0.05601064202198418,0.0,0.0,0.0,0.25904921935167685,0.0,0.0945179584120983,0.0,0.0,0.07351396765385423,0.0
1968,0.05859846265209748,0.0,0.3171210919995864,0.5411740374340768,0.08962117817379614,0.1068560201302954,0.0,0.0,0.0,0.0,0.027575747130398814,0.4722346696080797,0.9996208334769571,0.027575747130398814,0.031022715521698666,0.01723484195649926,0.0,0.3136741236082865,0.0,0.08617420978249629,0.0,0.0,0.06204543104339733,0.0
1969,0.04928860118949824,0.0,0.27930207340715674,0.49288601189498243,0.09857720237899648,0.08543357539513029,0.0,0.0,0.0,0.0,0.016429533729832746,0.5520323333223803,1.2387868432293891,0.046002694443531694,0.03614497420563204,0.0,0.0,0.3055893273748891,0.016429533729832746,0.08543357539513029,0.0,0.0,0.06571813491933098,0.0
1970,0.02544367406653521,0.0,0.22581260734049996,0.40073786654792953,0.06678964442465492,0.11131607404109153,0.0,0.0,0.0,0.0,0.028624133324852107,0.6265504738884294,1.3516951847846828,0.09859423700782394,0.022263214808218308,0.05088734813307042,0.028624133324852107,0.3403091406399084,0.0,0.11767699255772533,0.0,0.0,0.09859423700782394,0.0
1971,0.04428999727446171,0.0,0.21463614063777595,0.3679476696647588,0.07495230307985827,0.07835922594712455,0.0,0.0,0.0,0.0,0.04088307440719542,0.5246661215590079,1.5024529844644319,0.08517307168165712,0.023848460070863997,0.04428999727446171,0.027255382938130283,0.3781684382665576,0.0,0.06132461161079313,0.017034614336331425,0.0,0.13286999182338513,0.0
1972,0.03798867246857301,0.0,0.19339687802182623,0.40060781875949714,0.06561679790026247,0.10705898604779665,0.0,0.0,0.0,0.0,0.04834921950545656,0.6112722751761293,1.5506285398535709,0.12432656444260257,0.06907031357922365,0.09324492333195193,0.08288437629506838,0.3418980522171571,0.03108164111065064,0.1174195330846802,0.034535156789611825,0.0,0.11396601740571902,0.017267578394805912
1973,0.0351123595505618,0.0,0.1896067415730337,0.3089887640449438,0.04915730337078652,0.09831460674157304,0.0,0.0,0.0,0.0,0.0351123595505618,0.6285112359550562,1.6537921348314606,0.10533707865168539,0.05617977528089888,0.09480337078651685,0.04915730337078652,0.3616573033707865,0.09480337078651685,0.10182584269662921,0.06671348314606741,0.0,0.12289325842696629,0.0
1974,0.047784831729128265,0.0,0.21503174278107723,0.25940337224383914,0.08191685439279131,0.047784831729128265,0.0,0.0,0.0,0.0,0.034132022663663046,0.6314424192777665,1.9216328759642294,0.11604887705645436,0.05802443852822718,0.09898286572462285,0.06143764079459349,0.47443511502491637,0.05802443852822718,0.07850365212642502,0.11604887705645436,0.0,0.1331148883882859,0.0
1975,0.05384485949856975,0.0,0.215379437994279,0.4139323573952549,0.05384485949856975,0.09086320040383646,0.0,0.0,0.0,0.0,0.020191822311963654,0.5855628470469461,2.022547534915026,0.1413427561837456,0.06057546693589097,0.1076897189971395,0.10432441527847888,0.5956587582029278,0.06730607437321219,0.1076897189971395,0.1144203264344607,0.0,0.1480733636210668,0.020191822311963654
1976,0.061450225317492835,0.0,0.19800628157858802,0.3925986617506486,0.047794619691383315,0.10583094360234876,0.0,0.0,0.020483408439164276,0.0,0.037552915471801174,0.5086713095725796,1.9903045200054623,0.10583094360234876,0.07510583094360235,0.09900314078929401,0.11265874641540352,0.43697938003550457,0.0819336337566571,0.05462242250443807,0.1160726478219309,0.0,0.15703946470025945,0.047794619691383315
1977,0.023384779849001135,0.0,0.1436493619295784,0.5612347163760273,0.05679160820471704,0.07015433954700341,0.023384779849001135,0.0,0.0,0.0,0.026725462684572727,0.44431081713102155,1.9643215073160956,0.12694594775172044,0.050110242533573865,0.07683570521814659,0.07349502238257499,0.47437696265116586,0.11692389924500568,0.07683570521814659,0.13696799625843523,0.0,0.1436493619295784,0.03006614552014432
1978,0.05567746372776996,0.0,0.12118036223102872,0.47817115907378904,0.0425768840271182,0.12118036223102872,0.029476304326466446,0.0,0.02620115940130351,0.0,0.019650869550977633,0.4847214489241149,1.915959781220319,0.08187862312907346,0.07205318835358464,0.05895260865293289,0.10807978253037696,0.530573477876396,0.24563586938722037,0.10152949268005108,0.22270985491107984,0.0,0.1899584056594504,0.039301739101955266
1979,0.04403208051580437,0.0,0.09749960685642396,0.3868532788174241,0.0691932693819783,0.09749960685642396,0.028306337474445668,0.0,0.018870891649630447,0.0,0.028306337474445668,0.4529013995911307,1.8399119358389684,0.05346752634061959,0.07233841799025004,0.0691932693819783,0.07233841799025004,0.5472558578392829,0.27362792891964144,0.08177386381506525,0.19814436232111968,0.0,0.1761283220632175,0.018870891649630447
1980,0.045100574280645844,0.0,0.11124808322559307,0.3968850536696834,0.03307375447247362,0.054120689136775,0.02104693466430139,0.0,0.01503352476021528,0.0,0.02405363961634445,0.42093869328602784,1.9543582188279864,0.0962145584653778,0.09320785351333474,0.036080459424516674,0.06013409904086112,0.484079497278932,0.1894224119787125,0.09320785351333474,0.13530172284193753,0.0,0.1894224119787125,0.0
1981,0.02904443799012489,0.0,0.08422887017136219,0.36015103107754864,0.03775776938716236,0.0813244263723497,0.0551844321812373,0.0,0.02904443799012489,0.0,0.0,0.3543421434795237,1.8065640429857681,0.06970665117629975,0.06099331977926227,0.1103688643624746,0.05808887598024978,0.4792332268370607,0.1597444089456869,0.07551553877432472,0.12779552715654952,0.0,0.18007551553877432,0.0
1982,0.055691690799732685,0.0,0.08353753619959903,0.25339719313878367,0.027845845399866342,0.06961461349966586,0.04733793717977278,0.016707507239919803,0.019492091779906438,0.0,0.0,0.311873468478503,2.094007574069949,0.05290710625974604,0.033415014479839605,0.09467587435954555,0.05847627533971931,0.478948540877701,0.14479839607930498,0.07239919803965249,0.16707507239919805,0.0,0.17542882601915794,0.016707507239919803
1983,0.04153628887104367,0.0,0.07199623404314236,0.24367956137678953,0.03045994517209869,0.07753440589261484,0.07476531996787861,0.016614515548417468,0.04153628887104367,0.0,0.022152687397889954,0.3101376235704594,1.9162074599174812,0.06368897626893362,0.033229031096834935,0.03045994517209869,0.04430537479577991,0.5261263256998865,0.11907069476365853,0.06368897626893362,0.12183978068839477,0.0,0.2409104754520533,0.0
1984,0.04062068405231944,0.0,0.08124136810463888,0.2762206515557722,0.016248273620927775,0.0649930944837111,0.0649930944837111,0.021664364827903702,0.04874482086278333,0.0,0.013540228017439813,0.3682942020743629,1.8143905543369352,0.051452866466271285,0.04874482086278333,0.021664364827903702,0.05416091206975925,0.4522436157824898,0.11373791534649443,0.0649930944837111,0.1299861889674222,0.0,0.23830801310694072,0.0
1985,0.027838868628378942,0.0,0.06681328470810946,0.26168536510676205,0.01948720803986526,0.06124551098243367,0.16146543804459787,0.01948720803986526,0.06402939784527156,0.0,0.016703321177027365,0.3034436680493305,1.8317975557473345,0.050109963531082095,0.016703321177027365,0.022271094902703154,0.050109963531082095,0.45098967177973887,0.10578770078783997,0.050109963531082095,0.12249102196486734,0.0,0.1948720803986526,0.0
1986,0.031628281434198796,0.0,0.04025417637079847,0.19839558354179243,0.025877684809799018,0.046004772995198256,0.13226372236119496,0.034503579746398685,0.08338365105379683,0.0,0.014376491560999453,0.3479110957761868,1.5095316139049426,0.046004772995198256,0.048880071307398146,0.025877684809799018,0.048880071307398146,0.39104057045918517,0.08338365105379683,0.048880071307398146,0.10926133586359585,0.0,0.15526610885879408,0.0
1987,0.023313419787265043,0.0,0.09908203409587643,0.2098207780853854,0.014570887367040654,0.06411190441497888,0.14862305114381466,0.04079848462771383,0.10199621156928457,0.0,0.0,0.22147748797901792,1.4396036718636165,0.08451114672883578,0.017485064840448785,0.014570887367040654,0.023313419787265043,0.3963281363835057,0.11365292146291708,0.07285443683520326,0.09033950167565205,0.0,0.16610811598426345,0.023313419787265043
1988,0.022818026240730177,0.0,0.06560182544209926,0.20536223616657157,0.025670279520821446,0.045636052481460354,0.18539646320593267,0.057045065601825436,0.07986309184255562,0.0,0.0,0.1968054763262978,1.3890473474044496,0.054192812321734174,0.028522532800912718,0.017113519680547633,0.03137478608100399,0.3850541928123217,0.07701083856246435,0.034227039361095266,0.08841985168282944,0.0,0.17683970336565888,0.0
1989,0.03637482861859593,0.0,0.053163211057947905,0.2210470354514676,0.02798063739891995,0.047567083578163916,0.34136377626682335,0.11751867707546378,0.12311480455524776,0.0,0.013990318699459974,0.2546238003301715,1.3374744676683734,0.07834578471697586,0.02238450991913596,0.01678838243935197,0.047567083578163916,0.3777386048854193,0.1035283583760038,0.0559612747978399,0.1091244858557878,0.01678838243935197,0.22664316293125158,0.013990318699459974
1990,0.035057440267515234,0.0,0.06741815436060622,0.1752872013375762,0.0,0.02966398791866674,0.4260827355590313,0.16180357046545493,0.17798392751200043,0.016180357046545493,0.0,0.24540208187260665,1.1892562429210938,0.07820505905830322,0.018877083220969742,0.013483630872121247,0.05393452348848499,0.33978749797745533,0.05663124966290922,0.06741815436060622,0.08359851140715172,0.0,0.15641011811660643,0.0
1991,0.0408407754301895,0.0,0.05445436724025267,0.18786756697887172,0.0245044652581137,0.02178174689610107,0.44380309300805926,0.29949901982138966,0.18514484861685906,0.02178174689610107,0.013613591810063167,0.20692659551296017,1.0945327815290786,0.1606403833587454,0.0163363101720758,0.0,0.03539533870616424,0.29949901982138966,0.046286212154214766,0.0490089305162274,0.081681550860379,0.0,0.1306904813766064,0.0
1992,0.03528773072747014,0.0,0.06514657980456026,0.11672095548317046,0.016286644951140065,0.029858849077090122,0.4125950054288816,0.4207383279044517,0.19272529858849077,0.04071661237785017,0.013572204125950055,0.21986970684039087,0.9907709011943538,0.10043431053203042,0.0,0.024429967426710098,0.024429967426710098,0.2958740499457112,0.06514657980456026,0.0515743756786102,0.06514657980456026,0.0,0.17372421281216072,0.0
1993,0.032900148050666225,0.0,0.030158469046444043,0.14256730821955366,0.016450074025333113,0.016450074025333113,0.39754345561221693,0.6251028129626583,0.30706804847288477,0.046608543071777156,0.0,0.19465920929977518,0.8828206393595437,0.1343422712068871,0.019191753029555298,0.027416790042221858,0.0,0.21933432033777486,0.041125185063332785,0.035641827054888414,0.09047540713933212,0.0,0.10144212315622088,0.0
1994,0.029940119760479042,0.0,0.01905280348394121,0.13336962438758845,0.021774632553075667,0.01905280348394121,0.35111594991834516,0.5144256940664126,0.28579205225911813,0.043549265106151334,0.029940119760479042,0.12248230811105063,0.8356015242242788,0.19869352204681545,0.0,0.024496461622210124,0.04082743603701687,0.21230266739248774,0.05715841045182363,0.01905280348394121,0.07348938486663037,0.013609145345672292,0.08437670114316821,0.0
1995,0.013833937415267132,0.0,0.01660072489832056,0.08853719945770964,0.019367512381373988,0.0,0.3347812854494646,0.5893257338903799,0.3596823727969455,0.04426859972885482,0.01660072489832056,0.11897186177129734,0.752566195390532,0.20474227374595358,0.0,0.038735024762747976,0.019367512381373988,0.2158094236781673,0.02490108734748084,0.03320144979664112,0.04426859972885482,0.0,0.10513792435603023,0.0
1996,0.0255885363357216,0.0,0.019902194927783463,0.12225634027066985,0.0,0.0255885363357216,0.2956897532127829,0.5515751165699989,0.344023655180257,0.07392243830319573,0.0,0.10519731604685545,0.7051063345843285,0.1848060957579893,0.0,0.039804389855566925,0.0170590242238144,0.19617877857386556,0.019902194927783463,0.0255885363357216,0.039804389855566925,0.0,0.1023541453428864,0.0
1997,0.02675784153411625,0.0,0.02081165452653486,0.09513899212130222,0.0,0.0,0.22595510628809276,0.7373271889400922,0.32109409840939496,0.07135424409097667,0.014865467518953469,0.05648877657202319,0.6986769733908131,0.26757841534116245,0.014865467518953469,0.017838561022744167,0.014865467518953469,0.19622417125018582,0.02675784153411625,0.029730935037906938,0.04459640255686041,0.014865467518953469,0.07730043109855805,0.0
1998,0.018559188344829718,0.0,0.0,0.11135513006897832,0.0,0.018559188344829718,0.25364224071267283,0.6990627609885861,0.3773701630115376,0.08042314949426212,0.021652386402301337,0.12063472424139318,0.6310124037242104,0.20724426985059854,0.0,0.04021157474713106,0.0154659902873581,0.21033746790807017,0.04021157474713106,0.024745584459772957,0.0463979708620743,0.0,0.052584366977017544,0.0
1999,0.02556727388942154,0.0,0.0,0.09587727708533077,0.0,0.01597954618088846,0.21412591882390541,0.6935123042505592,0.37392138063279,0.07670182166826461,0.01597954618088846,0.12144455097475232,0.5369127516778524,0.1789709172259508,0.0,0.02876318312559923,0.03195909236177692,0.1629913710450623,0.0,0.02237136465324385,0.041546820070310006,0.0,0.0447427293064877,0.0
2000,0.03333111125924938,0.0,0.0,0.11665888940737283,0.0,0.0,0.17998800079994667,0.489967335510966,0.33664422371841873,0.08999400039997334,0.01666555562962469,0.09332711152589827,0.3833077794813679,0.17665488967402174,0.0,0.01666555562962469,0.0,0.1566562229184721,0.0,0.0,0.0,0.0,0.05666288914072395,0.0
2001,0.023485204321277597,0.0,0.020130175132523655,0.09394081728511039,0.0,0.0,0.13755619673891162,0.466349057236798,0.33885794806414815,0.046970408642555195,0.0,0.07045561296383278,0.4898342615580756,0.2080118097027444,0.0,0.020130175132523655,0.01677514594376971,0.14091122592766556,0.020130175132523655,0.020130175132523655,0.020130175132523655,0.0,0.04026035026504731,0.0
2002,0.044314153258794654,0.0,0.017043905099536405,0.08862830651758931,0.0,0.0,0.09885464957731115,0.42950640850831745,0.36814835014998637,0.07499318243796019,0.02045268611944369,0.08521952549768202,0.37155713116989364,0.1977092991546223,0.02045268611944369,0.0,0.0,0.13635124079629124,0.02045268611944369,0.030679029179165533,0.017043905099536405,0.0,0.061358058358331066,0.0
2003,0.03757087232734476,0.0,0.017077669239702165,0.07514174465468952,0.0,0.0,0.10929708313409385,0.44743493408019674,0.31422911401051984,0.0819728123505704,0.0,0.03415533847940433,0.3381378509461029,0.18102329394084293,0.0,0.0,0.0,0.11271261698203429,0.0204932030876426,0.02390873693558303,0.02390873693558303,0.0,0.027324270783523463,0.0
2004,0.055007391618248705,0.0,0.024065733832983806,0.09282497335579468,0.0,0.0,0.0859490494035136,0.32660638773335166,0.3988035892323031,0.08938701137965413,0.0,0.055007391618248705,0.28878880599580564,0.1547082889263245,0.0,0.0,0.0,0.10657682126035686,0.01718980988070272,0.0,0.0,0.0,0.03437961976140544,0.0
2005,0.020440144443687403,0.0,0.017033453703072837,0.11923417592150985,0.0,0.0,0.04769367036860393,0.30660216665531104,0.35770252776452954,0.09198064999659332,0.0,0.054507051849833066,0.2725352592491654,0.13967432036519725,0.0,0.0,0.0,0.0715405055529059,0.0,0.0,0.0,0.0,0.030660216665531103,0.0
2006,0.023508866200967222,0.0,0.0,0.0638097796883396,0.0,0.0,0.10075228371843095,0.3257657173562601,0.3727834497581945,0.07724341751746373,0.016792047286405157,0.060451370231058565,0.22837184309511016,0.13433637829124126,0.0,0.0,0.0,0.08731864588930682,0.0,0.0,0.0,0.0,0.033584094572810315,0.0
2007,0.0320996372740988,0.0,0.0,0.0320996372740988,0.0,0.0,0.1316085128238051,0.295316662921709,0.3113664815587584,0.09308894809488653,0.019259782364459282,0.03530960100150868,0.2760568805572497,0.11234873045934582,0.0,0.0,0.0,0.07061920200301736,0.0,0.0,0.0,0.0,0.0320996372740988,0.0
2008,0.028546959748786755,0.0,0.0,0.060265803914105374,0.0,0.0,0.06978145716370096,0.3869698988168871,0.35842293906810035,0.1078440701620833,0.022203190915723033,0.038062612998382345,0.20934437149110288,0.13639102991087004,0.0,0.0,0.0,0.047578266247977924,0.0,0.0,0.015859422082659308,0.0,0.025375075332254894,0.0
2009,0.0217296827466319,0.0,0.0,0.034146644316135843,0.0,0.0,0.07450176941702365,0.2980070776680946,0.33525796237660643,0.11485689451791146,0.018625442354255912,0.0434593654932638,0.16762898118830322,0.14589929844167132,0.0,0.0,0.0,0.10243993294840753,0.0,0.0,0.0,0.0,0.02793816353138387,0.0
2010,0.0320996372740988,0.0,0.0,0.028889673546688924,0.0,0.0,0.06740923827560748,0.23753731582833115,0.2600070619202003,0.12197862164157545,0.025679709819279046,0.025679709819279046,0.18617789618977307,0.13481847655121496,0.0,0.0,0.0,0.048149455911148206,0.0,0.0,0.0,0.0,0.0160498186370494,0.0
2011,0.02248201438848921,0.0,0.0,0.0289054470709147,0.0,0.0,0.06744604316546762,0.20876156217882838,0.2569373072970195,0.08992805755395684,0.0,0.03211716341212744,0.17664439876670093,0.06744604316546762,0.0,0.0,0.0,0.025693730729701953,0.0,0.0,0.01605858170606372,0.0,0.0,0.0
2012,0.025679709819279046,0.0,0.0,0.03530960100150868,0.0,0.0,0.05777934709337785,0.22469746091869164,0.22469746091869164,0.08345905691265688,0.025679709819279046,0.028889673546688924,0.1508682951882644,0.09950887554970628,0.0,0.0,0.0,0.05135941963855809,0.0,0.0,0.0,0.0,0.0,0.0
2013,0.07732955277741978,0.0,0.0,0.0225544528934141,0.0,0.0,0.06444129398118315,0.11921639386518881,0.16754736435107617,0.0902178115736564,0.016110323495295786,0.019332388194354944,0.12566052326330712,0.10632813506895218,0.0,0.0,0.0,0.054775099884005675,0.0,0.0,0.0,0.0,0.0225544528934141,0.0
2014,0.03454882376959075,0.0,0.015704010804359434,0.02512641728697509,0.0,0.0,0.0471120324130783,0.16018091020446623,0.22299695342190398,0.08794246050441283,0.0,0.015704010804359434,0.10992807563051604,0.08480165834354095,0.0,0.0,0.0,0.043971230252206416,0.0,0.0,0.0,0.0,0.0,0.0
